title,type,identifier,url,date,access_status,access_route,budget_estimate,license,layer,why_it_matters,use_in_curriculum,notes
MIT 10.626 Electrochemical Energy Systems,course,ocw:10.626,https://ocw.mit.edu/courses/10-626-electrochemical-energy-systems-spring-2014/pages/calendar/,2014,official_open,Official MIT OpenCourseWare page,$0,CC BY-NC-SA 4.0,curriculum orientation,Provides a tested sequence from galvanic-cell physics through impedance and thermodynamics.,Use as the prerequisite spine before solid-state-specific chemistry and mechanics.,Official course calendar reviewed 2026-07-25.
A lithium superionic conductor,research_article,doi:10.1038/nmat3066,https://www.nature.com/articles/nmat3066,2011-07-31,paywalled,Publisher abstract and institutional full-text route,Institutional or article purchase,See publisher terms,foundation evidence canonical_case,Canonical LGPS case showing why bulk room-temperature ionic conductivity became a central material target.,Use to reconstruct the conductivity-first phase of the field and identify what that result did not settle.,Publisher abstract and metadata reviewed 2026-07-25.
Fundamentals of inorganic solid-state electrolytes for batteries,review_article,doi:10.1038/s41563-019-0431-3,https://www.nature.com/articles/s41563-019-0431-3,2019-08-19,paywalled,Publisher abstract and institutional full-text route,Institutional or article purchase,See publisher terms,foundation synthesis orientation,Integrates multiscale ion transport with electrochemical mechanical and processing properties.,Use as the main foundation for electrolyte families transport mechanisms and coupled property requirements.,Publisher abstract figures and metadata reviewed 2026-07-25.
Interfaces and Interphases in All-Solid-State Batteries with Inorganic Solid Electrolytes,review_article,doi:10.1021/acs.chemrev.0c00101,https://pubs.acs.org/doi/10.1021/acs.chemrev.0c00101,2020-06-30,paywalled,Publisher abstract and institutional full-text route,Institutional or article purchase,See publisher terms,synthesis foundation interface,Explains why chemical electrochemical and mechanical interface behavior replaced bulk conductivity as the dominant bottleneck.,Use to distinguish an interface from an interphase and map their transport consequences.,Publisher abstract and metadata reviewed 2026-07-25.
How Certain Are the Reported Ionic Conductivities of Thiophosphate-Based Solid Electrolytes?,interlaboratory_study,doi:10.1021/acsenergylett.9b02764,https://pubs.acs.org/doi/10.1021/acsenergylett.9b02764,2020-02-28,paywalled,Publisher abstract and institutional full-text route,Institutional or article purchase,See publisher terms,method evidence standard critique,Quantifies interlaboratory uncertainty in impedance-derived ionic conductivity and activation energy.,Use for the measurement-warrant module and a reproducibility audit exercise.,Publisher abstract results and metadata reviewed 2026-07-25.
Critical stripping current leads to dendrite formation on plating in lithium anode solid electrolyte cells,research_article,doi:10.1038/s41563-019-0438-9,https://www.nature.com/articles/s41563-019-0438-9,2019-07-29,paywalled,Publisher abstract and institutional full-text route,Institutional or article purchase,See publisher terms,evidence method mechanism,Connects stripping-induced void formation to local current concentration and later plating failure.,Use as a causal-mechanism case linking electrochemistry contact loss and short circuit.,Publisher abstract and metadata reviewed 2026-07-25.
Visualizing plating-induced cracking in lithium-anode solid-electrolyte cells,research_article,doi:10.1038/s41563-021-00967-8,https://www.nature.com/articles/s41563-021-00967-8,2021-04-22,paywalled,Publisher abstract and institutional full-text route,Institutional or article purchase,See publisher terms,representation method evidence,Uses operando imaging to connect lithium plating with crack initiation and propagation.,Use as the exemplar for matching a mechanistic claim to a spatially resolved observation.,Publisher abstract figures and metadata reviewed 2026-07-25.
Benchmarking the performance of all-solid-state lithium batteries,benchmark_analysis,doi:10.1038/s41560-020-0565-1,https://www.nature.com/articles/s41560-020-0565-1,2020-03-09,paywalled,Publisher abstract and institutional full-text route,Institutional or article purchase,See publisher terms,standard critique synthesis,Shifts evaluation from isolated material records to cell-level parameters and practical energy metrics.,Use to build the practical-metrics checklist for reading performance papers.,Publisher page and metadata reviewed 2026-07-25.
Challenges in speeding up solid-state battery development,perspective,doi:10.1038/s41560-023-01208-9,https://www.nature.com/articles/s41560-023-01208-9,2023-02-23,paywalled,Publisher abstract and institutional full-text route,Institutional or article purchase,See publisher terms,orientation synthesis frontier debate,Reframes development around cell concepts interfaces anodes and speed-limiting translation problems.,Use for field orientation and for separating material progress from device readiness.,Publisher page and metadata reviewed 2026-07-25.
Benchmarking the reproducibility of all-solid-state battery cell performance,interlaboratory_study,doi:10.1038/s41560-024-01634-3,https://www.nature.com/articles/s41560-024-01634-3,2024-09-18,open_access,Open publisher article and PDF,$0,See article license,method evidence standard critique dataset,Tests a shared material system across 21 groups and exposes protocol-driven performance variability.,Use to design a minimum reporting template and replication plan.,Open article methods results and metadata reviewed 2026-07-25.
Characterizing Electrode Materials and Interfaces in Solid-State Batteries,review_article,doi:10.1021/acs.chemrev.4c00584,https://pubs.acs.org/doi/10.1021/acs.chemrev.4c00584,2025,paywalled,Publisher page and institutional full-text route,Institutional or article purchase,See publisher terms,method representation synthesis frontier,Maps ex situ in situ and operando tools to buried-interface and degradation questions.,Use to choose a characterization method only after stating the mechanism and spatial-temporal scale.,Publisher sections abstract and metadata reviewed 2026-07-25.
The critical importance of stack pressure in batteries,review_article,doi:10.1038/s41560-025-01820-x,https://www.nature.com/articles/s41560-025-01820-x,2025-08-13,paywalled,Publisher abstract and institutional full-text route,Institutional or article purchase,See publisher terms,synthesis frontier debate mechanics,Shows that stack pressure couples contact void formation chemistry and mechanical damage rather than acting as a universally beneficial setting.,Use to make pressure an explicit experimental variable in every cell critique.,Publisher abstract figures and metadata reviewed 2026-07-25.
Solid-State Battery Roadmap 2035+,official_roadmap,report:fraunhofer-isi-ssb-roadmap-2035,https://www.isi.fraunhofer.de/content/dam/isi/dokumente/cct/2022/SSB_Roadmap.pdf,2022-04,official_open,Official Fraunhofer ISI PDF,$0,See Fraunhofer terms,infrastructure synthesis frontier,Connects electrolyte and electrode choices to cell concepts pilot production and market translation.,Use as the manufacturing and scale-up layer rather than as evidence for a laboratory mechanism.,Official 112-page report reviewed 2026-07-25.
Mechanically compliant and cost-effective solid electrolyte for all-solid-state batteries,research_article,doi:10.1038/s41467-025-68210-5,https://www.nature.com/articles/s41467-025-68210-5,2026-01-08,open_access,Open publisher article and PDF,$0,See article license,frontier evidence materials_design,Exemplifies multi-objective electrolyte design across conductivity compliance cost loading and cell retention.,Use as a frontier paper critique without treating one material result as field-wide validation.,Open article abstract methods and reported cell conditions reviewed 2026-07-25.
Interfaces in All-Solid-State Li Metal Batteries: From Fundamental Research to Practical Applications,review_article,doi:10.1021/acs.chemrev.5c00679,https://pubs.acs.org/doi/10.1021/acs.chemrev.5c00679,2026-06-29,paywalled,Publisher abstract and institutional full-text route,Institutional or article purchase,See publisher terms,frontier synthesis orientation,Provides a 2026 synthesis of anode cathode and internal electrolyte interface problems from fundamentals to application.,Use as the date-stamped closing synthesis and as a prompt for checking what changed after earlier reviews.,Publisher abstract and metadata reviewed 2026-07-25.
